ts_datetime,ts_frc,hh_datetime,hh_frc,ts_cond,ts_wattemp
2019-07-27T08:57:00.000+06,0.32,2019-07-27T14:49:00.000+06,0.08,395,28.1
2019-07-27T15:12:00.000+06,0.57999999999999996,2019-07-28T07:22:00.000+06,0.14000000000000001,,27.6
2019-07-27T09:11:00.000+06,0.08,2019-07-27T14:56:00.000+06,0.11,349,27.9
2019-07-27T15:26:00.000+06,0.52,2019-07-28T07:43:00.000+06,0.23,,27.4
2019-07-27T15:44:00.000+06,0.55000000000000004,2019-07-28T07:58:00.000+06,0.28000000000000003,,27.6
2019-07-27T15:53:00.000+06,0.55000000000000004,2019-07-28T08:17:00.000+06,0.39,,27
2019-07-27T16:12:00.000+06,0.54,2019-07-28T08:37:00.000+06,0.34,,27.3
2019-07-28T15:10:00.000+06,1.28,2019-07-29T07:41:00.000+06,0.66,,27.2
2019-07-28T15:34:00.000+06,1.28,2019-07-29T07:53:00.000+06,0.78,,27.2
2019-07-27T14:31:00.000+06,0.52,2019-07-28T06:42:00.000+06,0.2,305,27.7
2019-07-27T14:47:00.000+06,0.52,2019-07-28T06:53:00.000+06,0.32,305,27.5
2019-07-27T15:07:00.000+06,0.52,2019-07-28T07:22:00.000+06,0.15,308,27.6
2019-07-27T15:21:00.000+06,0.52,2019-07-28T07:34:00.000+06,0.11,306,27.7
2019-07-27T15:33:00.000+06,0.78,2019-07-28T07:43:00.000+06,0.5,306,27.4
2019-07-28T15:20:00.000+06,0.78,2019-07-29T07:18:00.000+06,0.54,331,27.5
2019-07-28T15:46:00.000+06,1.2,2019-07-29T08:11:00.000+06,0.55000000000000004,,27.6
2019-07-28T15:41:00.000+06,1.26,2019-07-29T07:36:00.000+06,1.2,304,27.7
2019-07-28T16:04:00.000+06,1.23,2019-07-29T08:23:00.000+06,0.46,,27.3
2019-07-28T15:59:00.000+06,1.44,2019-07-29T07:52:00.000+06,0.8,305,27.7
2019-07-28T16:10:00.000+06,1.0900000000000001,2019-07-29T08:06:00.000+06,0.47,303,27.3
2019-07-28T16:18:00.000+06,1.19,2019-07-29T08:38:00.000+06,0.8,,27.4
2019-07-27T09:37:00.000+06,0.31,2019-07-27T15:25:00.000+06,0.01,350,28.8
2019-07-28T16:22:00.000+06,0.96,2019-07-29T08:21:00.000+06,0.19,305,27.2
2019-07-29T15:10:00.000+06,0.52,2019-07-30T07:18:00.000+06,0.28000000000000003,309,27.8
2019-07-27T09:49:00.000+06,0.31,2019-07-27T15:47:00.000+06,0.08,342,28.6
2019-07-29T15:23:00.000+06,0.6,2019-07-30T07:30:00.000+06,0.26,310,27.6
2019-07-29T15:17:00.000+06,1.99,2019-07-30T07:14:00.000+06,1.38,,28.1
2019-07-29T15:38:00.000+06,0.6,2019-07-30T07:43:00.000+06,0.11,304,27.9
2019-07-29T15:31:00.000+06,1.95,2019-07-30T07:25:00.000+06,1.34,,28.1
2019-07-29T15:53:00.000+06,0.55000000000000004,2019-07-30T07:53:00.000+06,0.01,309,27.7
2019-07-28T09:02:00.000+06,1.06,2019-07-28T14:39:00.000+06,0.79,357,27.2
2019-07-29T15:47:00.000+06,2.04,2019-07-30T07:41:00.000+06,0.54,,27.6
2019-07-29T16:15:00.000+06,0.66,2019-07-30T08:03:00.000+06,0.32,309,27.9
2019-07-28T09:24:00.000+06,1.43,2019-07-28T14:53:00.000+06,0.87,349,27.3
2019-07-29T16:07:00.000+06,1.76,2019-07-30T07:57:00.000+06,1.3,,27.6
2019-07-30T15:44:00.000+06,3.46,2019-07-31T07:56:00.000+06,2.06,319,27.2
2019-07-29T16:18:00.000+06,1.87,2019-07-30T08:29:00.000+06,0.87,,27.4
2019-07-30T15:58:00.000+06,2.69,2019-07-31T08:09:00.000+06,1.9,322,27.6
2019-07-30T15:16:00.000+06,0.54,2019-07-31T08:58:00.000+06,0.53,,27.3
2019-07-30T16:14:00.000+06,2.63,2019-07-31T08:24:00.000+06,2.33,321,27.4
2019-07-30T16:24:00.000+06,2.5099999999999998,2019-07-31T08:35:00.000+06,1.81,319,27.3
2019-07-31T15:25:00.000+06,0.7,2019-08-01T07:35:00.000+06,0.21,311,27.4
2019-07-31T15:33:00.000+06,0.55000000000000004,2019-08-01T07:50:00.000+06,0.1,309,27.4
2019-07-31T15:42:00.000+06,0.6,2019-08-01T08:02:00.000+06,0.15,309,27.8
2019-07-28T09:41:00.000+06,1.3,2019-07-28T15:03:00.000+06,0.6,347,27.4
2019-07-30T16:20:00.000+06,0.86,2019-07-31T08:03:00.000+06,0.7,,27.4
2019-07-28T10:23:00.000+06,1.22,2019-07-28T15:36:00.000+06,0.54,349,27.2
2019-07-31T15:02:00.000+06,0.63,2019-08-01T07:26:00.000+06,0.27,,28.8
2019-07-29T08:29:00.000+06,0.37,2019-07-29T14:29:00.000+06,0.1,349,28.2
2019-07-29T08:49:00.000+06,0.36,2019-07-29T14:36:00.000+06,0.14000000000000001,352,27.9
2019-07-31T15:16:00.000+06,0.84,2019-08-01T07:38:00.000+06,0.2,,27.7
2019-07-29T09:00:00.000+06,0.3,2019-07-29T14:50:00.000+06,0.18,350,28.2
2019-07-29T09:22:00.000+06,0.23,2019-07-29T15:06:00.000+06,0.04,350,28
2019-07-31T15:32:00.000+06,0.49,2019-08-01T07:49:00.000+06,0.1,,27.5
2019-07-31T16:06:00.000+06,0.67,2019-08-01T08:25:00.000+06,0.06,308,27.5
2019-07-31T15:50:00.000+06,0.85,2019-08-01T08:04:00.000+06,0.35,,27.2
2019-07-29T09:34:00.000+06,0.53,2019-07-29T15:24:00.000+06,0.19,349,28.5
2019-07-30T08:50:00.000+06,0.01,2019-07-30T14:28:00.000+06,0.01,477,27.7
2019-07-31T16:01:00.000+06,0.99,2019-08-01T08:17:00.000+06,0.41,,27.3
2019-07-30T09:01:00.000+06,0.05,2019-07-30T14:39:00.000+06,0.03,471,27.5
2019-07-30T09:22:00.000+06,0.04,2019-07-30T14:56:00.000+06,0.04,472,27.7
2019-07-30T09:46:00.000+06,0.06,2019-07-30T15:08:00.000+06,0.06,471,28.1
2019-07-30T10:01:00.000+06,0.1,2019-07-30T15:24:00.000+06,0.03,474,28.3
2019-07-31T09:02:00.000+06,0.04,2019-07-31T14:41:00.000+06,0.01,470,27.1
2019-07-30T16:03:00.000+06,0.75,2019-07-31T08:32:00.000+06,0.17,,27.2
2019-07-31T09:22:00.000+06,0.7,2019-07-31T14:58:00.000+06,0.4,293,27.1
2019-07-30T16:31:00.000+06,0.94,2019-07-31T07:24:00.000+06,0.15,,27.9
2019-07-31T09:38:00.000+06,0.76,2019-07-31T15:08:00.000+06,0.35,293,27.4
2019-07-31T15:52:00.000+06,0.57999999999999996,2019-08-01T08:12:00.000+06,0.06,309,27.7
2019-07-31T09:52:00.000+06,0.65,2019-07-31T15:26:00.000+06,0.54,291,27.9
2019-08-01T08:43:00.000+06,0.33,2019-08-01T14:27:00.000+06,0.02,477,27.7
2019-08-01T09:05:00.000+06,0.27,2019-08-01T14:39:00.000+06,0.05,473,27.9
2019-08-01T09:23:00.000+06,0.22,2019-08-01T14:50:00.000+06,0.02,469,27.6
2019-08-01T09:57:00.000+06,0.43,2019-08-01T15:10:00.000+06,0.05,472,28.2
2019-07-27T09:24:00.000+06,0.11,2019-07-27T15:15:00.000+06,0.08,346,28.7
2019-07-28T09:56:00.000+06,1.68,2019-07-28T15:23:00.000+06,0.27,349,27.3
2019-08-04T15:51:00.000+06,0.72,2019-08-05T08:31:00.000+06,0.36,294,29
2019-08-03T15:04:00.000+06,0.68,2019-08-04T07:12:00.000+06,0.32,296,27.6
2019-08-03T15:17:00.000+06,0.63,2019-08-04T07:26:00.000+06,0.11,293,27.3
2019-08-03T15:29:00.000+06,0.67,2019-08-04T07:41:00.000+06,0.28000000000000003,290,27.3
2019-08-03T15:45:00.000+06,0.65,2019-08-04T08:01:00.000+06,0.53,292,28
2019-08-03T16:06:00.000+06,0.75,2019-08-04T08:14:00.000+06,0.04,290,27.5
2019-08-04T15:37:00.000+06,0.77,2019-08-05T08:00:00.000+06,0.02,293,28.1
2019-08-04T16:06:00.000+06,0.64,2019-08-05T07:37:00.000+06,0.48,291,28.3
2019-08-04T16:19:00.000+06,0.64,2019-08-05T07:16:00.000+06,0.15,297,28.5
2019-08-04T16:30:00.000+06,0.48,2019-08-05T07:27:00.000+06,0.04,292,28.4
2019-08-05T15:47:00.000+06,0.79,2019-08-06T07:37:00.000+06,0.03,300,29.1
2019-08-05T15:56:00.000+06,0.87,2019-08-06T07:44:00.000+06,0.48,293,28.3
2019-08-05T16:08:00.000+06,0.81,2019-08-06T07:56:00.000+06,0.49,293,29
2019-08-05T16:16:00.000+06,0.67,2019-08-06T08:10:00.000+06,0.2,293,28.5
2019-08-05T16:34:00.000+06,0.81,2019-08-06T08:20:00.000+06,0.52,293,28.3
2019-08-05T16:44:00.000+06,0.84,2019-08-06T08:32:00.000+06,0.12,292,28.3
2019-08-06T15:30:00.000+06,0.41,2019-08-07T08:11:00.000+06,0.03,296,27.9
2019-08-06T15:44:00.000+06,0.5,2019-08-07T08:05:00.000+06,0.47,292,27.6
2019-08-06T15:57:00.000+06,0.57999999999999996,2019-08-07T07:51:00.000+06,0.48,292,27.4
2019-08-06T16:15:00.000+06,0.55000000000000004,2019-08-07T08:27:00.000+06,0.56000000000000005,291,28
2019-08-06T16:25:00.000+06,0.67,2019-08-07T08:46:00.000+06,0.44,291,27.8
2019-08-06T16:36:00.000+06,0.6,2019-08-07T08:54:00.000+06,0.09,291,27.8
2019-08-07T15:31:00.000+06,0.84,2019-08-08T07:52:00.000+06,0.31,345,27.9
2019-08-07T15:44:00.000+06,0.82,2019-08-08T08:04:00.000+06,0.19,346,27.9
2019-08-07T15:53:00.000+06,0.84,2019-08-08T08:13:00.000+06,0.14000000000000001,350,28
2019-08-07T16:07:00.000+06,0.78,2019-08-08T08:27:00.000+06,0.01,345,28
2019-08-07T16:19:00.000+06,0.82,2019-08-08T08:40:00.000+06,0.39,348,28.2
2019-08-07T16:33:00.000+06,0.82,2019-08-08T08:55:00.000+06,0.17,345,28
2019-08-03T08:55:00.000+06,0.41,2019-08-03T15:04:00.000+06,0.41,338,27.7
2019-08-03T09:08:00.000+06,0.79,2019-08-03T15:13:00.000+06,0.67,330,27.2
2019-08-03T09:26:00.000+06,0.78,2019-08-03T15:26:00.000+06,0.36,330,27.2
2019-08-03T09:45:00.000+06,0.76,2019-08-03T15:38:00.000+06,0.44,331,27.8
2019-08-03T10:02:00.000+06,0.74,2019-08-03T15:52:00.000+06,0.34,331,27
2019-08-03T09:19:00.000+06,0.66,2019-08-03T14:12:00.000+06,0.45,,26.7
2019-08-04T08:27:00.000+06,1.45,2019-08-04T14:49:00.000+06,0.99,335,27.2
2019-08-04T08:44:00.000+06,1.1599999999999999,2019-08-04T15:15:00.000+06,0.49,334,27.2
2019-08-03T09:30:00.000+06,0.42,2019-08-03T14:31:00.000+06,0.33,,26.7
2019-08-04T08:55:00.000+06,1.0900000000000001,2019-08-04T15:06:00.000+06,0.69,331,28
2019-08-03T09:42:00.000+06,0.49,2019-08-03T14:44:00.000+06,0.32,,27
2019-08-04T09:10:00.000+06,1.64,2019-08-04T14:57:00.000+06,1.1000000000000001,335,27.3
2019-08-03T10:01:00.000+06,0.64,2019-08-03T15:01:00.000+06,0.52,,27
2019-08-04T09:22:00.000+06,1.29,2019-08-04T15:24:00.000+06,0.78,334,28
2019-08-03T10:13:00.000+06,0.97,2019-08-03T15:12:00.000+06,0.65,,27.1
2019-08-05T08:39:00.000+06,0.63,2019-08-05T14:51:00.000+06,0.23,488,28.7
2019-08-04T08:18:00.000+06,0.86,2019-08-04T14:09:00.000+06,0.56999999999999995,,27.7
2019-08-05T08:51:00.000+06,0.78,2019-08-05T14:59:00.000+06,0.59,374,28.2
2019-08-04T08:42:00.000+06,0.9,2019-08-04T14:21:00.000+06,0.84,,27.4
2019-08-05T09:06:00.000+06,0.69,2019-08-05T15:08:00.000+06,0.24,356,27.9
2019-08-04T08:53:00.000+06,0.92,2019-08-04T14:31:00.000+06,0.67,,27.4
2019-08-05T09:22:00.000+06,0.8,2019-08-05T15:17:00.000+06,0.45,390,27.7
2019-08-04T09:10:00.000+06,0.94,2019-08-04T14:42:00.000+06,0.65,,28
2019-08-05T09:32:00.000+06,0.8,2019-08-05T15:30:00.000+06,0.5,376,27.5
2019-08-04T09:23:00.000+06,0.97,2019-08-04T14:52:00.000+06,0.56999999999999995,,27.7
2019-08-05T09:49:00.000+06,0.47,2019-08-05T15:37:00.000+06,0.31,329,29.9
2019-08-05T08:24:00.000+06,0.78,2019-08-05T14:27:00.000+06,0.56000000000000005,,27.6
2019-08-06T08:10:00.000+06,0.56999999999999995,2019-08-06T14:34:00.000+06,0.37,409,27.5
2019-08-05T08:39:00.000+06,0.8,2019-08-05T14:53:00.000+06,0.59,,27.4
2019-08-06T08:23:00.000+06,0.57999999999999996,2019-08-06T14:50:00.000+06,0.49,411,28.2
2019-08-05T08:47:00.000+06,0.55000000000000004,2019-08-05T15:05:00.000+06,0.36,,27.9
2019-08-06T08:42:00.000+06,0.65,2019-08-06T14:59:00.000+06,0.51,377,28
2019-08-05T09:01:00.000+06,0.65,2019-08-05T15:18:00.000+06,0.45,,28.2
2019-08-06T09:07:00.000+06,0.89,2019-08-06T15:22:00.000+06,0.63,353,29.3
2019-08-05T09:13:00.000+06,0.79,2019-08-05T15:28:00.000+06,0.46,,27.9
2019-08-06T09:17:00.000+06,0.7,2019-08-06T15:34:00.000+06,0.38,357,28.3
2019-08-05T09:23:00.000+06,0.71,2019-08-05T15:47:00.000+06,0.52,,28.5
2019-08-06T09:29:00.000+06,0.73,2019-08-06T15:48:00.000+06,0.28000000000000003,311,28.3
2019-08-07T08:21:00.000+06,0.63,2019-08-07T14:59:00.000+06,0.41,317,28.1
2019-08-06T08:04:00.000+06,0.64,2019-08-06T14:25:00.000+06,0.33,,27.6
2019-08-07T08:30:00.000+06,0.47,2019-08-07T15:07:00.000+06,0.33,309,27.4
2019-08-06T08:31:00.000+06,0.67,2019-08-06T14:34:00.000+06,0.34,,27.7
2019-08-07T08:41:00.000+06,1.01,2019-08-07T15:19:00.000+06,0.9,314,27.9
2019-08-06T08:45:00.000+06,0.54,2019-08-06T14:47:00.000+06,0.28000000000000003,,27.4
2019-08-07T08:50:00.000+06,0.98,2019-08-07T15:31:00.000+06,0.83,308,27.7
2019-08-06T09:01:00.000+06,0.66,2019-08-06T14:59:00.000+06,0.28999999999999998,,27.4
2019-08-07T09:03:00.000+06,0.93,2019-08-07T15:44:00.000+06,0.52,308,27.8
2019-08-06T09:15:00.000+06,0.45,2019-08-06T15:11:00.000+06,0.15,,27.4
2019-08-07T09:11:00.000+06,1.06,2019-08-07T15:51:00.000+06,0.84,306,28
2019-08-06T09:29:00.000+06,0.48,2019-08-06T15:24:00.000+06,0.25,,27.9
2019-08-08T08:03:00.000+06,1.55,2019-08-08T14:39:00.000+06,0.37,323,27.2
2019-08-07T08:25:00.000+06,0.08,2019-08-07T13:33:00.000+06,0.05,,27
2019-08-08T08:13:00.000+06,1.45,2019-08-08T14:47:00.000+06,1.27,309,28
2019-08-07T08:39:00.000+06,0,2019-08-07T13:43:00.000+06,0.01,,27.5
2019-08-08T08:29:00.000+06,1.7,2019-08-08T14:53:00.000+06,1.35,309,27.3
2019-08-07T08:49:00.000+06,0.19,2019-08-07T13:52:00.000+06,0.08,,27.7
2019-08-08T08:43:00.000+06,1.54,2019-08-08T14:57:00.000+06,1.2,307,27
2019-08-07T09:00:00.000+06,0.1,2019-08-07T14:04:00.000+06,0.12,,27.4
2019-08-08T08:54:00.000+06,1.45,2019-08-08T15:13:00.000+06,1.29,307,27.2
2019-08-07T09:10:00.000+06,0.11,2019-08-07T14:24:00.000+06,0.05,,27.6
2019-08-08T09:09:00.000+06,1.54,2019-08-08T15:28:00.000+06,1.38,310,27.6
2019-08-07T09:22:00.000+06,0.04,2019-08-07T14:37:00.000+06,0.01,,27.6
2019-08-08T08:28:00.000+06,0.06,2019-08-08T14:07:00.000+06,0.01,,27.3
2019-08-08T08:46:00.000+06,0.02,2019-08-08T14:19:00.000+06,0.01,,27.2
2019-08-08T09:00:00.000+06,7.0000000000000007E-2,2019-08-08T14:32:00.000+06,0.08,,27.3
2019-08-08T09:13:00.000+06,0.05,2019-08-08T14:41:00.000+06,0.09,,27.8
2019-08-08T09:23:00.000+06,0.13,2019-08-08T14:52:00.000+06,0.11,,27.6
2019-08-08T09:33:00.000+06,0.14000000000000001,2019-08-08T15:02:00.000+06,0.03,,27.8
2019-08-13T08:42:00.000+06,0.52,2019-08-13T14:48:00.000+06,0.28999999999999998,306,28.1
2019-08-13T09:18:00.000+06,0.48,2019-08-13T15:00:00.000+06,0.22,308,28
2019-08-13T09:38:00.000+06,0.23,2019-08-13T15:16:00.000+06,0.21,410,27.3
2019-08-13T10:00:00.000+06,0.56999999999999995,2019-08-13T15:27:00.000+06,0.14000000000000001,382,28.2
2019-08-13T10:13:00.000+06,0.52,2019-08-13T15:42:00.000+06,0.02,350,26.8
2019-08-10T15:53:00.000+06,0.36,2019-08-11T08:07:00.000+06,0.03,,28.4
2019-08-14T08:32:00.000+06,0.66,2019-08-14T14:42:00.000+06,0.27,342,26.8
2019-08-10T16:09:00.000+06,0.32,2019-08-11T08:17:00.000+06,0.06,,28.1
2019-08-10T15:03:00.000+06,0.83,2019-08-11T07:13:00.000+06,0.27,311,28.3
2019-08-10T16:18:00.000+06,0.28999999999999998,2019-08-11T08:27:00.000+06,0.05,,28.1
2019-08-14T08:43:00.000+06,0.67,2019-08-14T15:01:00.000+06,0.37,326,26.8
2019-08-10T15:12:00.000+06,0.72,2019-08-11T07:22:00.000+06,0.2,306,28.3
2019-08-14T08:53:00.000+06,0.64,2019-08-14T15:13:00.000+06,0.33,338,27.8
2019-08-10T16:29:00.000+06,0.21,2019-08-11T08:37:00.000+06,0.08,,28
2019-08-10T15:23:00.000+06,0.79,2019-08-11T07:29:00.000+06,0.13,305,28.43
2019-08-10T16:40:00.000+06,0.26,2019-08-11T08:45:00.000+06,0.03,,27.9
2019-08-14T09:07:00.000+06,0.64,2019-08-14T15:25:00.000+06,0.45,330,27.5
2019-08-10T15:32:00.000+06,0.63,2019-08-11T07:40:00.000+06,0.18,302,28.1
2019-08-10T15:47:00.000+06,0.37,2019-08-11T07:52:00.000+06,0.22,304,28.1
2019-08-10T08:52:00.000+06,0.28000000000000003,2019-08-10T15:39:00.000+06,0.01,489,28
2019-08-10T08:59:00.000+06,0.38,2019-08-10T15:45:00.000+06,0.02,473,28
2019-08-10T09:09:00.000+06,0.25,2019-08-10T15:52:00.000+06,0.04,473,27.8
2019-08-10T09:34:00.000+06,0.53,2019-08-10T16:04:00.000+06,0.04,478,28.3
2019-08-10T09:43:00.000+06,0.12,2019-08-10T16:11:00.000+06,0.11,478,28.5
2019-08-13T15:00:00.000+06,0.73,2019-08-14T08:25:00.000+06,0.56000000000000005,,27.6
2019-08-10T09:57:00.000+06,0.18,2019-08-10T16:23:00.000+06,0.11,474,28
2019-08-13T15:12:00.000+06,0.75,2019-08-14T08:35:00.000+06,0.45,,26.7
2019-08-11T08:09:00.000+06,0.94,2019-08-11T14:35:00.000+06,0.17,292,28
2019-08-13T15:22:00.000+06,0.74,2019-08-14T08:50:00.000+06,0.42,,28.3
2019-08-11T08:18:00.000+06,0.93,2019-08-11T14:41:00.000+06,0.33,292,28.2
2019-08-13T15:32:00.000+06,0.72,2019-08-14T08:59:00.000+06,0.49,,27.5
2019-08-11T08:32:00.000+06,0.95,2019-08-11T14:54:00.000+06,0.04,291,27.9
2019-08-13T15:43:00.000+06,0.72,2019-08-14T09:15:00.000+06,0.53,,27.6
2019-08-11T08:42:00.000+06,0.91,2019-08-11T15:06:00.000+06,0.03,291,27.8
2019-08-11T09:01:00.000+06,0.82,2019-08-11T15:21:00.000+06,0.21,291,28.1
2019-08-13T08:55:00.000+06,0.19,2019-08-13T14:56:00.000+06,0.08,472,27.8
2019-08-13T14:47:00.000+06,0.8,2019-08-14T07:16:00.000+06,0.33,311,27.8
2019-08-13T09:07:00.000+06,0.08,2019-08-13T15:03:00.000+06,0.09,426,27.8
2019-08-13T14:59:00.000+06,0.67,2019-08-14T07:24:00.000+06,0.42,308,28.1
2019-08-13T09:58:00.000+06,0.12,2019-08-13T15:23:00.000+06,0.09,462,28
2019-08-13T15:10:00.000+06,0.65,2019-08-14T07:38:00.000+06,0.5,307,28.3
2019-08-13T10:11:00.000+06,0.15,2019-08-13T15:35:00.000+06,0.04,465,28.4
2019-08-13T15:23:00.000+06,0.61,2019-08-14T07:53:00.000+06,0.18,307,28.2
2019-08-14T08:38:00.000+06,0.52,2019-08-14T14:44:00.000+06,0.06,471,28.2
2019-08-13T15:40:00.000+06,0.23,2019-08-14T08:03:00.000+06,0.35,311,28.4
2019-08-14T08:53:00.000+06,0.06,2019-08-14T14:53:00.000+06,0.11,472,28.4
2019-08-14T09:10:00.000+06,0.37,2019-08-14T15:06:00.000+06,0.12,472,28.2
2019-08-14T09:21:00.000+06,0.47,2019-08-14T15:17:00.000+06,0.13,475,28.5
2019-08-14T09:28:00.000+06,0.53,2019-08-14T15:27:00.000+06,0.01,477,28.3
2019-08-19T16:08:00.000+06,0.93,2019-08-20T08:10:00.000+06,0.75,294,28.4
2019-08-21T08:58:00.000+06,0.78,2019-08-21T14:50:00.000+06,0.54,,27.7
2019-08-17T08:34:00.000+06,0.78,2019-08-17T14:49:00.000+06,0.52,312,27.8
2019-08-19T16:24:00.000+06,1,2019-08-20T08:21:00.000+06,0.06,293,28.4
2019-08-21T09:14:00.000+06,0.76,2019-08-21T15:01:00.000+06,0.65,,27.9
2019-08-18T15:15:00.000+06,1.1000000000000001,2019-08-19T07:28:00.000+06,0.45,532,28.5
2019-08-17T08:42:00.000+06,0.86,2019-08-17T14:58:00.000+06,0.18,315,27.7
2019-08-19T16:33:00.000+06,1.04,2019-08-20T08:31:00.000+06,0.42,293,28.2
2019-08-18T15:28:00.000+06,0.85,2019-08-19T07:43:00.000+06,0.45,367,27.9
2019-08-17T08:54:00.000+06,0.96,2019-08-17T14:38:00.000+06,0.61,313,27.5
2019-08-19T16:47:00.000+06,0.92,2019-08-20T07:45:00.000+06,0.77,292,28.6
2019-08-18T15:36:00.000+06,0.89,2019-08-19T08:07:00.000+06,0.14000000000000001,523,28.4
2019-08-20T16:24:00.000+06,0.85,2019-08-21T08:10:00.000+06,0.16,299,28.6
2019-08-18T08:09:00.000+06,0.84,2019-08-18T15:15:00.000+06,0.72,309,26.8
2019-08-20T16:31:00.000+06,1.01,2019-08-21T08:20:00.000+06,0.37,293,28.8
2019-08-18T08:20:00.000+06,0.81,2019-08-18T14:46:00.000+06,0.52,307,27
2019-08-18T16:00:00.000+06,0.88,2019-08-19T08:20:00.000+06,0.35,498,28.2
2019-08-20T16:39:00.000+06,0.94,2019-08-21T08:27:00.000+06,0.35,292,28.1
2019-08-18T08:29:00.000+06,0.71,2019-08-18T14:34:00.000+06,0.28000000000000003,311,27.2
2019-08-15T09:08:00.000+06,0.05,2019-08-15T15:01:00.000+06,0.03,,28.2
2019-08-19T15:11:00.000+06,0.24,2019-08-20T07:16:00.000+06,0.08,368,27.4
2019-08-20T16:50:00.000+06,0.93,2019-08-21T08:40:00.000+06,0.39,291,28.4
2019-08-18T08:42:00.000+06,0.61,2019-08-18T14:24:00.000+06,0.41,310,27.2
2019-08-15T09:21:00.000+06,0.12,2019-08-15T14:46:00.000+06,0.08,,28.2
2019-08-19T15:23:00.000+06,0.26,2019-08-20T07:27:00.000+06,0.11,389,27.5
2019-08-19T08:05:00.000+06,0.67,2019-08-19T15:15:00.000+06,0.23,311,27.3
2019-08-20T17:05:00.000+06,1.05,2019-08-21T08:48:00.000+06,0.61,292,28.2
2019-08-15T09:34:00.000+06,0.11,2019-08-15T15:25:00.000+06,0.05,,28.9
2019-08-19T15:37:00.000+06,0.33,2019-08-20T07:37:00.000+06,0.15,391,27.9
2019-08-19T08:14:00.000+06,0.76,2019-08-19T15:28:00.000+06,0.49,312,27.3
2019-08-15T09:44:00.000+06,0.13,2019-08-15T15:34:00.000+06,0.06,,28.4
2019-08-19T15:51:00.000+06,0.34,2019-08-20T07:49:00.000+06,0.09,379,27.6
2019-08-19T08:27:00.000+06,0.92,2019-08-19T15:03:00.000+06,0.57999999999999996,314,27.8
2019-08-20T08:25:00.000+06,0.66,2019-08-20T15:11:00.000+06,0.48,312,28.1
2019-08-20T08:38:00.000+06,0.68,2019-08-20T15:25:00.000+06,0.73,311,27.8
2019-08-21T08:01:00.000+06,1.01,2019-08-21T14:13:00.000+06,0.55000000000000004,310,28.4
2019-08-21T08:14:00.000+06,1.66,2019-08-21T14:24:00.000+06,0.34,312,28.5
2019-08-21T08:24:00.000+06,1.41,2019-08-21T14:38:00.000+06,1.1100000000000001,310,28.3
2019-08-21T08:33:00.000+06,1.37,2019-08-21T14:59:00.000+06,0.45,312,29.3
2019-08-17T08:31:00.000+06,0.32,2019-08-17T14:50:00.000+06,0.09,,27.7
2019-08-20T15:37:00.000+06,0.24,2019-08-21T07:34:00.000+06,0.18,,27.9
2019-08-17T08:41:00.000+06,0.31,2019-08-17T15:08:00.000+06,0.08,,27.7
2019-08-20T15:54:00.000+06,0.28999999999999998,2019-08-21T07:41:00.000+06,0.11,,27.6
2019-08-17T08:52:00.000+06,0.47,2019-08-17T15:00:00.000+06,7.0000000000000007E-2,,27.9
2019-08-20T16:06:00.000+06,0.32,2019-08-21T07:51:00.000+06,0.2,,27.7
2019-08-17T09:02:00.000+06,0.38,2019-08-17T15:22:00.000+06,0.09,,27.6
2019-08-20T16:15:00.000+06,0.35,2019-08-21T07:58:00.000+06,0.21,,27.4
2019-07-27T08:43:00.000+06,0.96,2019-08-15T15:06:00.000+06,0.51,30,28.6
2019-08-20T16:28:00.000+06,0.36,2019-08-21T08:10:00.000+06,0.24,,28.1
2019-08-15T08:22:00.000+06,0.75,2019-08-15T15:45:00.000+06,0.36,307,28.1
2019-08-18T08:48:00.000+06,0.09,2019-08-18T14:56:00.000+06,0.02,,27.1
2019-08-15T08:39:00.000+06,0.69,2019-08-15T15:37:00.000+06,0.35,311,28.8
2019-08-18T09:00:00.000+06,0.1,2019-08-18T15:05:00.000+06,0.03,,26.9
2019-08-15T08:50:00.000+06,0.51,2019-08-15T15:25:00.000+06,0.34,309,28.8
2019-08-18T09:15:00.000+06,0.1,2019-08-18T15:24:00.000+06,0.06,,27.3
2019-08-15T09:06:00.000+06,0.59,2019-08-15T15:13:00.000+06,0.34,311,28.8
2019-08-18T09:33:00.000+06,0.13,2019-08-18T15:14:00.000+06,0.04,,27.3
2019-08-17T08:10:00.000+06,0.64,2019-08-17T15:11:00.000+06,0.53,315,27.6
2019-08-15T08:29:00.000+06,0.37,2019-08-15T15:53:00.000+06,0.11,301,28.8
2019-08-17T08:19:00.000+06,1.23,2019-08-17T15:22:00.000+06,0.86,314,27.7
2019-08-19T08:40:00.000+06,0.41,2019-08-19T14:58:00.000+06,0.1,,20.100000000000001
2019-08-15T08:44:00.000+06,0.57999999999999996,2019-08-15T15:04:00.000+06,0.02,293,28.4
2019-08-18T07:55:00.000+06,0.67,2019-08-18T15:33:00.000+06,0.46,312,27
2019-08-19T08:49:00.000+06,0.44,2019-08-19T15:08:00.000+06,0.06,,27.9
2019-08-15T08:54:00.000+06,0.59,2019-08-15T15:14:00.000+06,0.03,290,27.8
2019-08-19T08:37:00.000+06,0.86,2019-08-19T14:52:00.000+06,0.43,314,27.9
2019-08-19T09:02:00.000+06,0.23,2019-08-19T15:33:00.000+06,0.03,,27.9
2019-08-15T09:06:00.000+06,0.42,2019-08-15T15:20:00.000+06,0.14000000000000001,291,28.6
2019-08-19T08:45:00.000+06,0.85,2019-08-19T14:44:00.000+06,0.63,312,27.6
2019-08-19T09:24:00.000+06,0.59,2019-08-19T15:22:00.000+06,7.0000000000000007E-2,,28.5
2019-08-15T09:17:00.000+06,0.54,2019-08-15T15:42:00.000+06,0.2,292,29.1
2019-08-20T07:54:00.000+06,0.73,2019-08-20T14:32:00.000+06,0.34,316,28
2019-08-19T09:39:00.000+06,0.6,2019-08-19T15:44:00.000+06,0.08,,28.4
2019-08-20T08:06:00.000+06,0.71,2019-08-20T14:42:00.000+06,0.61,311,28.1
2019-08-20T08:48:00.000+06,0.48,2019-08-20T14:36:00.000+06,0.19,,27.5
2019-08-15T08:13:00.000+06,0.96,2019-08-15T14:59:00.000+06,0.65,332,27.2
2019-08-15T08:23:00.000+06,0.95,2019-08-15T15:06:00.000+06,0.57999999999999996,326,27
2019-08-20T08:16:00.000+06,0.42,2019-08-20T14:59:00.000+06,0.11,312,28.2
2019-08-20T09:02:00.000+06,0.49,2019-08-20T14:49:00.000+06,0.2,,27.7
2019-08-15T08:35:00.000+06,1.0900000000000001,2019-08-15T15:26:00.000+06,0.37,327,27.2
2019-08-20T09:11:00.000+06,0.4,2019-08-20T14:58:00.000+06,0.17,,28
2019-08-21T08:35:00.000+06,1.1399999999999999,2019-08-21T14:50:00.000+06,0.56999999999999995,311,29.4
2019-08-15T08:49:00.000+06,0.92,2019-08-15T15:34:00.000+06,0.2,326,27.2
2019-08-20T09:23:00.000+06,0.44,2019-08-20T15:08:00.000+06,0.31,,28
2019-08-15T09:05:00.000+06,0.82,2019-08-15T15:53:00.000+06,7.0000000000000007E-2,325,27.2
2019-08-20T09:32:00.000+06,0.46,2019-08-20T15:17:00.000+06,0.32,,28.2
2019-08-17T15:26:00.000+06,1.03,2019-08-18T07:44:00.000+06,0.02,472,28.5
2019-08-17T14:45:00.000+06,0.75,2019-08-18T07:39:00.000+06,0.43,365,28.4
2019-08-17T15:35:00.000+06,1.08,2019-08-18T08:15:00.000+06,0.05,469,28.2
2019-08-17T14:57:00.000+06,0.72,2019-08-18T07:46:00.000+06,0.28000000000000003,355,28.7
2019-08-17T15:43:00.000+06,0.59,2019-08-18T08:26:00.000+06,0.53,289,28.1
2019-08-17T15:16:00.000+06,0.73,2019-08-18T07:56:00.000+06,0.37,351,28.5
2019-08-21T08:33:00.000+06,0.69,2019-08-21T14:27:00.000+06,0.4,,27.9
2019-08-17T15:55:00.000+06,0.69,2019-08-18T08:40:00.000+06,0.5,290,27.9
2019-08-17T15:23:00.000+06,0.53,2019-08-18T08:07:00.000+06,0.15,340,27.8
2019-08-21T08:44:00.000+06,0.66,2019-08-21T14:37:00.000+06,0.56000000000000005,,28.1
2019-08-17T16:09:00.000+06,0.7,2019-08-18T07:56:00.000+06,0.5,292,28
2019-08-17T15:40:00.000+06,0.73,2019-08-18T08:19:00.000+06,0.38,346,27.9
2019-08-18T16:29:00.000+06,0.69,2019-08-19T07:34:00.000+06,0.26,291,27.8
2019-08-18T15:02:00.000+06,0.78,2019-08-19T07:19:00.000+06,0.51,368,29.4
2019-08-18T16:34:00.000+06,0.67,2019-08-19T08:15:00.000+06,0.57999999999999996,295,27.8
2019-08-18T16:42:00.000+06,0.75,2019-08-19T08:40:00.000+06,0.09,291,28.2
2019-08-19T16:04:00.000+06,0.33,2019-08-20T07:58:00.000+06,0.08,387,27.6
2019-08-18T16:49:00.000+06,0.69,2019-08-19T08:26:00.000+06,0.45,293,28.1
2019-08-18T16:59:00.000+06,0.68,2019-08-19T08:05:00.000+06,0.3,292,28.2
2019-08-15T08:53:00.000+06,7.0000000000000007E-2,2019-08-15T15:15:00.000+06,0.04,,28.2
2019-08-19T15:56:00.000+06,0.86,2019-08-20T07:59:00.000+06,0.48,294,28.6
2019-08-17T08:20:00.000+06,0.19,2019-08-17T14:32:00.000+06,0.11,,27.7
2019-08-21T08:20:00.000+06,0.33,2019-08-21T14:19:00.000+06,0.19,,28.1
2019-08-22T09:32:00.000+06,0.73,2019-08-22T15:16:00.000+06,0.42,,27.8
2019-08-22T09:10:00.000+06,0.71,2019-08-22T14:24:00.000+06,0.28000000000000003,474,28.6
2019-08-22T08:43:00.000+06,0.8,2019-08-22T14:45:00.000+06,0.43,,28
2019-08-22T08:31:00.000+06,0.99,2019-08-22T15:02:00.000+06,0.98,306,28.7
2019-08-22T08:55:00.000+06,0.83,2019-08-22T15:04:00.000+06,0.55000000000000004,,28
2019-08-22T08:45:00.000+06,0.61,2019-08-22T15:10:00.000+06,0.28000000000000003,308,28.8
2019-08-22T09:00:00.000+06,0.17,2019-08-22T15:19:00.000+06,0.62,311,29.3
2019-08-22T09:09:00.000+06,0.82,2019-08-22T15:14:00.000+06,0.51,,27.8
2019-08-24T08:05:00.000+06,0.86,2019-08-24T14:32:00.000+06,0.49,,27.5
2019-08-22T09:34:00.000+06,0.57999999999999996,2019-08-22T14:38:00.000+06,0.6,475,29.6
2019-08-22T09:44:00.000+06,0.65,2019-08-22T14:51:00.000+06,0.59,476,29.1
2019-08-24T08:38:00.000+06,0.47,2019-08-24T14:55:00.000+06,0.4,300,27.3
2019-08-24T08:46:00.000+06,0.42,2019-08-24T15:11:00.000+06,0.09,295,27.6
2019-08-24T15:02:00.000+06,0.22,2019-08-25T06:45:00.000+06,0.06,,27.5
2019-08-24T08:18:00.000+06,0.76,2019-08-24T14:42:00.000+06,0.47,,27.2
2019-08-24T08:32:00.000+06,0.81,2019-08-24T14:50:00.000+06,0.43,,27.3
2019-08-24T09:13:00.000+06,0.27,2019-08-24T15:25:00.000+06,0.1,290,27.9
2019-08-24T08:44:00.000+06,0.72,2019-08-24T15:07:00.000+06,0.54,,27.4
2019-08-24T15:15:00.000+06,0.2,2019-08-25T06:58:00.000+06,0.04,,27.5
2019-08-24T09:00:00.000+06,0.73,2019-08-24T15:20:00.000+06,0.43,,
2019-08-24T09:22:00.000+06,0.51,2019-08-24T15:35:00.000+06,0.06,292,28.2
2019-08-26T08:20:00.000+06,1.45,2019-08-26T15:15:00.000+06,0.75,,
2019-08-24T15:27:00.000+06,0.21,2019-08-25T07:20:00.000+06,7.0000000000000007E-2,,27.6
2019-08-26T09:06:00.000+06,0.87,2019-08-26T16:57:00.000+06,0.34,477,28.8
2019-08-26T08:30:00.000+06,1.48,2019-08-26T15:29:00.000+06,0.81,,
2019-08-24T15:38:00.000+06,0.22,2019-08-25T07:33:00.000+06,0.08,,27.8
2019-08-26T08:42:00.000+06,1.4,2019-08-26T15:41:00.000+06,0.74,,
2019-08-26T09:19:00.000+06,0.95,2019-08-26T17:12:00.000+06,0.09,472,28
2019-08-26T08:53:00.000+06,1.43,2019-08-26T15:54:00.000+06,0.8,,
2019-08-26T09:27:00.000+06,0.83,2019-08-26T17:15:00.000+06,7.0000000000000007E-2,474,29
2019-08-24T14:47:00.000+06,1.54,2019-08-25T07:49:00.000+06,1.23,346,27.3
2019-08-26T09:54:00.000+06,0.72,2019-08-26T17:26:00.000+06,0.12,472,28.5
2019-08-27T08:08:00.000+06,0.74,2019-08-27T14:50:00.000+06,0.38,,
2019-08-27T08:21:00.000+06,0.69,2019-08-27T15:02:00.000+06,0.41,,
2019-08-24T15:28:00.000+06,1.68,2019-08-25T07:31:00.000+06,1.38,319,27.5
2019-08-24T15:40:00.000+06,1.82,2019-08-25T07:18:00.000+06,0.94,313,27.6
2019-08-27T08:42:00.000+06,0.69,2019-08-27T15:22:00.000+06,0.52,,
2019-08-25T15:05:00.000+06,0.46,2019-08-26T07:11:00.000+06,0.04,334,29.5
2019-08-25T15:17:00.000+06,0.39,2019-08-26T07:21:00.000+06,0.13,306,28.9
2019-08-27T08:55:00.000+06,0.66,2019-08-27T15:38:00.000+06,0.34,,
2019-08-27T08:40:00.000+06,0.73,2019-08-27T15:26:00.000+06,0.35,291,27.8
2019-08-27T08:51:00.000+06,0.74,2019-08-27T15:37:00.000+06,0.48,291,27.8
2019-08-25T15:30:00.000+06,0.41,2019-08-26T07:32:00.000+06,0.08,306,28.3
2019-08-25T15:44:00.000+06,0.39,2019-08-26T07:43:00.000+06,0.18,308,28.1
2019-08-27T09:01:00.000+06,0.72,2019-08-27T15:49:00.000+06,0.2,292,28.1
2019-08-25T15:55:00.000+06,0.45,2019-08-26T07:53:00.000+06,0.1,308,28.6
2019-08-28T08:11:00.000+06,0.48,2019-08-28T13:52:00.000+06,0.25,,
2019-08-25T16:08:00.000+06,0.45,2019-08-26T08:02:00.000+06,0.19,308,28.1
2019-08-28T08:19:00.000+06,0.52,2019-08-28T14:07:00.000+06,0.28999999999999998,,
2019-08-28T08:23:00.000+06,0.79,2019-08-28T14:18:00.000+06,0.1,476,28.3
2019-08-28T08:33:00.000+06,0.82,2019-08-28T14:34:00.000+06,0.42,470,28
2019-08-26T15:44:00.000+06,0.31,2019-08-27T08:08:00.000+06,0.12,,28.5
2019-08-28T08:29:00.000+06,0.5,2019-08-28T14:19:00.000+06,0.23,,
2019-08-26T15:55:00.000+06,0.25,2019-08-27T08:18:00.000+06,0.04,,28.4
2019-08-28T08:43:00.000+06,0.53,2019-08-28T14:29:00.000+06,0.3,,
2019-08-28T08:53:00.000+06,0.54,2019-08-28T14:43:00.000+06,0.26,,
2019-08-26T15:01:00.000+06,1.27,2019-08-27T07:32:00.000+06,0.84,310,28.3
2019-08-26T15:09:00.000+06,1.06,2019-08-27T07:40:00.000+06,0.24,307,28.3
2019-08-26T16:15:00.000+06,0.31,2019-08-27T08:43:00.000+06,0.06,,28.6
2019-08-28T08:53:00.000+06,0.78,2019-08-28T14:49:00.000+06,0.63,472,28.4
2019-08-28T09:03:00.000+06,0.48,2019-08-28T14:54:00.000+06,0.17,472,30.4
2019-08-27T15:01:00.000+06,0.22,2019-08-28T08:46:00.000+06,0.05,,28.6
2019-08-27T14:37:00.000+06,0.63,2019-08-28T07:10:00.000+06,0.22,308,28.7
2019-08-22T08:26:00.000+06,0.77,2019-08-22T14:18:00.000+06,0.46,,27.5
2019-08-27T15:11:00.000+06,0.2,2019-08-28T08:33:00.000+06,0.06,,28.2
2019-08-27T14:47:00.000+06,0.65,2019-08-28T07:18:00.000+06,0.25,305,28.8
2019-08-27T14:58:00.000+06,0.83,2019-08-28T07:27:00.000+06,0.46,305,28.2
2019-08-27T15:27:00.000+06,0.12,2019-08-27T15:38:00.000+06,0.04,,27.9
2019-08-22T08:34:00.000+06,0.78,2019-08-22T14:30:00.000+06,0.49,,27.6
2019-08-27T15:11:00.000+06,0.48,2019-08-28T07:41:00.000+06,0.09,317,28.7
2019-08-27T15:45:00.000+06,0.15,2019-08-28T07:59:00.000+06,0.03,,27.9
2019-08-26T09:00:00.000+06,1.41,2019-08-26T16:05:00.000+06,0.92,,
2019-08-27T15:26:00.000+06,0.56000000000000005,2019-08-28T07:50:00.000+06,0.12,312,28.6
2019-08-27T08:33:00.000+06,0.7,2019-08-27T15:12:00.000+06,0.52,,
2019-08-26T09:36:00.000+06,0.8,2019-08-26T17:21:00.000+06,0.06,473,28.3
2019-08-27T15:57:00.000+06,0.13,2019-08-28T08:22:00.000+06,0.04,,28.1
2019-08-27T08:16:00.000+06,0.57999999999999996,2019-08-27T15:01:00.000+06,0.57999999999999996,292,27.4
2019-08-27T08:31:00.000+06,0.57999999999999996,2019-08-27T15:14:00.000+06,0.26,289,27.3
2019-08-28T08:42:00.000+06,0.84,2019-08-28T14:43:00.000+06,0.76,472,28.4
2019-08-26T14:52:00.000+06,1.37,2019-08-27T07:22:00.000+06,1.1200000000000001,313,28.1
2019-08-26T15:17:00.000+06,1.06,2019-08-27T07:47:00.000+06,0.68,311,28.3
2019-08-26T15:25:00.000+06,0.91,2019-08-27T07:55:00.000+06,0.22,309,28.2
2019-08-22T09:04:00.000+06,0.48,2019-08-22T14:17:00.000+06,0.04,484,28.6
2019-08-22T08:11:00.000+06,0.51,2019-08-22T14:39:00.000+06,0.41,307,27.7
2019-08-22T08:22:00.000+06,1.45,2019-08-22T14:51:00.000+06,1.01,304,28.1
2019-08-24T15:01:00.000+06,1.54,2019-08-25T07:41:00.000+06,0.74,321,27.4
2019-08-24T15:52:00.000+06,0.24,2019-08-25T07:48:00.000+06,0.08,,27.4
2019-08-26T16:05:00.000+06,0.28999999999999998,2019-08-27T08:29:00.000+06,0.1,,28.9
2019-08-26T16:25:00.000+06,0.21,2019-08-27T08:55:00.000+06,0.1,,28.7
2019-08-22T08:47:00.000+06,0.74,2019-08-22T14:24:00.000+06,0.36,,27.8
2019-08-22T08:58:00.000+06,0.72,2019-08-22T14:37:00.000+06,0.19,,27.7
2019-08-22T09:08:00.000+06,0.65,2019-08-22T14:46:00.000+06,0.4,,27.5
2019-08-22T09:21:00.000+06,0.71,2019-08-22T14:58:00.000+06,0.38,,27.6
2019-08-29T08:17:00.000+06,0.51,2019-08-29T14:53:00.000+06,0.36,,27.5
2019-08-29T08:16:00.000+06,0.92,2019-08-29T15:02:00.000+06,0.39,312,27.3
2019-08-29T08:25:00.000+06,0.76,2019-08-29T15:33:00.000+06,0.23,291,28.4
2019-08-29T08:29:00.000+06,0.52,2019-08-29T15:02:00.000+06,0.33,,28.1
2019-08-29T08:24:00.000+06,7.0000000000000007E-2,2019-08-29T15:09:00.000+06,0.02,,
2019-08-29T08:38:00.000+06,0.85,2019-08-29T15:47:00.000+06,0.33,294,28.4
2019-08-29T08:42:00.000+06,0.55000000000000004,2019-08-29T15:12:00.000+06,0.24,,27.6
2019-08-29T08:47:00.000+06,0.78,2019-08-29T15:57:00.000+06,0.51,290,28.4
2019-08-29T08:38:00.000+06,1.1399999999999999,2019-08-29T15:23:00.000+06,0.99,316,27.6
2019-08-29T08:59:00.000+06,0.74,2019-08-29T16:06:00.000+06,0.01,295,29
2019-08-29T08:49:00.000+06,1.03,2019-08-29T16:01:00.000+06,0.68,312,27.6
2019-08-29T08:46:00.000+06,0.1,2019-08-29T15:32:00.000+06,0.05,,
2019-08-31T08:36:00.000+06,0.95,2019-08-31T15:11:00.000+06,0.56000000000000005,,27.7
2019-08-29T08:57:00.000+06,0.18,2019-08-29T15:45:00.000+06,0.09,,
2019-08-31T08:48:00.000+06,0.89,2019-08-31T15:21:00.000+06,0.52,,27.7
2019-08-29T09:05:00.000+06,0.13,2019-08-29T15:53:00.000+06,0.04,,
2019-08-31T09:03:00.000+06,0.96,2019-08-31T15:30:00.000+06,0.68,,28.2
2019-08-31T09:24:00.000+06,1.28,2019-08-31T15:51:00.000+06,0.83,,28.7
2019-08-31T08:35:00.000+06,0.49,2019-08-31T15:26:00.000+06,0.09,313,28.2
2019-09-01T08:52:00.000+06,1.01,2019-09-01T14:59:00.000+06,0.46,,28.4
2019-09-01T09:03:00.000+06,0.87,2019-09-01T15:10:00.000+06,0.42,,28.5
2019-08-31T15:33:00.000+06,0.66,2019-09-01T07:40:00.000+06,0.01,,
2019-09-01T07:54:00.000+06,0.6,2019-09-01T14:48:00.000+06,0.33,309,27.3
2019-08-31T16:09:00.000+06,0.63,2019-09-01T08:41:00.000+06,0.55000000000000004,297,28.2
2019-09-01T09:35:00.000+06,0.84,2019-09-01T15:36:00.000+06,0.66,,29
2019-08-31T15:53:00.000+06,0.74,2019-09-01T08:07:00.000+06,0.01,,
2019-09-01T09:47:00.000+06,0.81,2019-09-01T15:47:00.000+06,0.52,,29.1
2019-08-31T16:02:00.000+06,0.68,2019-09-01T08:20:00.000+06,0.2,,
2019-09-01T08:10:00.000+06,0.7,2019-09-01T15:06:00.000+06,0.45,309,27.3
2019-08-31T16:11:00.000+06,0.71,2019-09-01T08:34:00.000+06,0.18,,
2019-09-01T08:20:00.000+06,0.76,2019-09-01T15:21:00.000+06,0.48,310,27.5
2019-09-01T15:24:00.000+06,0.72,2019-09-02T07:46:00.000+06,0.4,,
2019-09-01T15:39:00.000+06,0.77,2019-09-02T07:58:00.000+06,0.57999999999999996,,
2019-09-01T15:49:00.000+06,0.89,2019-09-02T08:09:00.000+06,0.46,,
2019-09-02T07:54:00.000+06,0.24,2019-09-02T14:31:00.000+06,7.0000000000000007E-2,306,27.8
2019-09-02T08:56:00.000+06,0.23,2019-09-02T15:07:00.000+06,0.15,,28.2
2019-09-02T08:05:00.000+06,0.31,2019-09-02T14:40:00.000+06,0.31,306,28.2
2019-09-01T16:06:00.000+06,0.86,2019-09-02T08:28:00.000+06,0.44,,
2019-09-02T15:55:00.000+06,0.85,2019-09-03T07:50:00.000+06,0.56000000000000005,,
2019-09-02T08:30:00.000+06,0.57999999999999996,2019-09-02T14:52:00.000+06,0.23,308,28.7
2019-09-02T16:27:00.000+06,0.95,2019-09-03T08:28:00.000+06,0.61,,
2019-09-02T09:28:00.000+06,0.36,2019-09-02T15:59:00.000+06,0.16,,28.7
2019-09-02T16:35:00.000+06,0.96,2019-09-03T08:38:00.000+06,0.57999999999999996,,
2019-09-03T07:54:00.000+06,0.46,2019-09-03T14:40:00.000+06,0.39,305,27.8
2019-09-03T15:39:00.000+06,0.42,2019-09-04T07:38:00.000+06,0.21,,
2019-09-03T15:48:00.000+06,0.36,2019-09-04T07:52:00.000+06,0.18,,
2019-08-31T16:26:00.000+06,0.54,2019-09-01T08:21:00.000+06,0.38,291,28.3
2019-09-03T08:12:00.000+06,0.89,2019-09-03T14:56:00.000+06,0.71,306,28.2
2019-08-31T16:34:00.000+06,0.66,2019-09-01T08:11:00.000+06,0.24,289,27.7
2019-09-01T15:52:00.000+06,0.37,2019-09-02T08:09:00.000+06,0.02,293,28.3
2019-09-01T15:58:00.000+06,0.4,2019-09-02T08:21:00.000+06,0.14000000000000001,294,28
2019-09-03T16:15:00.000+06,0.93,2019-09-04T08:25:00.000+06,0.63,,
2019-09-01T16:05:00.000+06,0.37,2019-09-02T08:30:00.000+06,0.48,291,28.3
2019-09-01T16:18:00.000+06,0.33,2019-09-02T08:41:00.000+06,0.13,291,28.7
2019-09-03T16:21:00.000+06,0.91,2019-09-04T08:33:00.000+06,0.52,,
2019-09-01T16:25:00.000+06,0.33,2019-09-02T08:48:00.000+06,0.22,299,28.2
2019-09-02T15:32:00.000+06,1.1200000000000001,2019-09-03T08:08:00.000+06,0.25,473,28.5
2019-09-03T09:00:00.000+06,0.44,2019-09-03T15:33:00.000+06,0.34,,28.3
2019-09-02T15:54:00.000+06,1.07,2019-09-03T08:25:00.000+06,0.08,468,28.5
2019-09-04T08:03:00.000+06,0.62,2019-09-04T14:14:00.000+06,0.54,310,29.2
2019-09-04T08:10:00.000+06,0.73,2019-09-04T14:27:00.000+06,0.26,308,28.2
2019-09-03T09:32:00.000+06,0.64,2019-09-03T15:53:00.000+06,0.15,,28.8
2019-09-04T08:26:00.000+06,1.35,2019-09-04T14:37:00.000+06,0.8,,27.8
2019-09-04T08:40:00.000+06,1.19,2019-09-04T14:49:00.000+06,0.82,,28
2019-09-04T08:36:00.000+06,0.56999999999999995,2019-09-04T14:34:00.000+06,0.18,305,28.1
2019-09-04T08:50:00.000+06,1.0900000000000001,2019-09-04T14:58:00.000+06,0.84,,28.2
2019-09-03T15:34:00.000+06,0.38,2019-09-04T08:15:00.000+06,0.26,293,28.2
2019-09-03T15:44:00.000+06,0.44,2019-09-04T08:25:00.000+06,0.05,286,28.7
2019-09-03T15:53:00.000+06,0.36,2019-09-04T08:35:00.000+06,0.54,290,28.3
2019-08-29T08:06:00.000+06,0.87,2019-08-29T14:49:00.000+06,0.45,318,27
2019-08-29T08:54:00.000+06,0.59,2019-08-29T15:22:00.000+06,0.27,,28.2
2019-08-31T07:58:00.000+06,0.36,2019-08-31T14:35:00.000+06,0.01,326,28
2019-08-31T08:07:00.000+06,0.36,2019-08-31T14:45:00.000+06,0.56999999999999995,312,28
2019-08-31T08:23:00.000+06,0.54,2019-08-31T14:56:00.000+06,0.05,313,28.2
2019-09-01T09:19:00.000+06,0.93,2019-09-01T15:21:00.000+06,0.42,,29
2019-08-29T08:34:00.000+06,0.09,2019-08-29T15:22:00.000+06,0.03,,
2019-09-02T09:06:00.000+06,0.27,2019-09-02T15:17:00.000+06,0.2,,28.2
2019-09-03T08:31:00.000+06,0.37,2019-09-03T15:12:00.000+06,0.13,,28.2
2019-09-03T08:44:00.000+06,0.25,2019-09-03T15:23:00.000+06,0.26,,28.2
2019-09-03T09:18:00.000+06,0.6,2019-09-03T15:43:00.000+06,0.41,,28.4
2019-08-29T08:17:00.000+06,0.74,2019-08-29T15:24:00.000+06,0.55000000000000004,299,28.3
2019-09-04T09:00:00.000+06,1.19,2019-09-04T15:08:00.000+06,0.49,,28
2019-09-03T08:06:00.000+06,0.6,2019-09-03T14:50:00.000+06,0.32,306,27.9
2019-09-04T09:15:00.000+06,1.1200000000000001,2019-09-04T15:16:00.000+06,0.56999999999999995,,28.2
2019-09-03T08:30:00.000+06,0.51,2019-09-03T15:05:00.000+06,0.57999999999999996,307,28.8
2019-08-29T09:00:00.000+06,0.56999999999999995,2019-08-29T15:32:00.000+06,0.27,,28.3
2019-09-04T07:55:00.000+06,0.6,2019-09-04T14:02:00.000+06,0.38,308,27.7
2019-09-04T08:20:00.000+06,0.66,2019-09-04T14:46:00.000+06,0.22,307,28.2
2019-08-31T09:14:00.000+06,0.89,2019-08-31T15:40:00.000+06,0.56999999999999995,,28.4
2019-08-31T15:57:00.000+06,0.64,2019-09-01T08:47:00.000+06,0.43,302,28.1
2019-09-02T09:15:00.000+06,0.27,2019-09-02T15:51:00.000+06,0.15,,28.8
2019-08-29T08:31:00.000+06,1.02,2019-08-29T15:13:00.000+06,0.41,320,28
2019-08-31T08:45:00.000+06,0.53,2019-08-31T15:34:00.000+06,0.11,309,27.5
2019-09-02T15:41:00.000+06,1.23,2019-09-03T08:17:00.000+06,0.27,472,28.8
2019-09-02T16:01:00.000+06,1.19,2019-09-03T08:36:00.000+06,0.13,470,28.5
2019-09-02T08:45:00.000+06,0.28999999999999998,2019-09-02T14:56:00.000+06,0.14000000000000001,,28.2
2019-09-02T16:11:00.000+06,1.08,2019-09-03T08:47:00.000+06,0.04,470,28.5
2019-09-03T16:03:00.000+06,0.39,2019-09-04T08:48:00.000+06,0.05,289,27.9
2019-09-01T08:37:00.000+06,0.63,2019-09-01T15:37:00.000+06,0.47,312,27.5
2019-09-02T08:45:00.000+06,0.67,2019-09-02T15:09:00.000+06,0.21,306,27.9
2019-09-03T08:40:00.000+06,0.95,2019-09-03T15:17:00.000+06,0.66,305,28.9
2019-09-01T15:57:00.000+06,0.81,2019-09-02T08:19:00.000+06,0.43,,
2019-09-02T16:05:00.000+06,0.91,2019-09-03T08:04:00.000+06,0.49,,
2019-08-31T16:20:00.000+06,0.61,2019-09-01T08:30:00.000+06,0.12,290,27.9
2019-09-03T16:03:00.000+06,0.65,2019-09-04T08:04:00.000+06,0.1,,
2019-09-01T08:00:00.000+06,0.75,2019-09-01T14:57:00.000+06,0.43,311,27.2
2019-08-31T15:43:00.000+06,0.59,2019-09-01T07:51:00.000+06,0.25,,
2019-09-03T16:10:00.000+06,0.44,2019-09-04T08:55:00.000+06,0.03,288,28.5
2019-09-02T08:17:00.000+06,0.56999999999999995,2019-09-02T14:57:00.000+06,0.37,309,28.1
2019-09-05T08:43:00.000+06,0.32,2019-09-05T14:48:00.000+06,0.12,,28.1
2019-09-05T08:53:00.000+06,0.34,2019-09-05T14:59:00.000+06,0.06,,28.1
2019-09-05T09:02:00.000+06,0.47,2019-09-05T15:13:00.000+06,0.04,,28.2
2019-09-05T08:00:00.000+06,0.32,2019-09-05T14:37:00.000+06,0.22,310,28.1
2019-09-05T09:12:00.000+06,0.53,2019-09-05T15:22:00.000+06,0.09,,28.6
2019-09-05T08:08:00.000+06,0.23,2019-09-05T14:47:00.000+06,0.22,307,27.7
2019-09-05T09:22:00.000+06,0.48,2019-09-05T15:33:00.000+06,0.1,,28.2
2019-09-09T15:49:00.000+06,1.27,2019-09-10T08:22:00.000+06,0.93,,27.5
2019-09-05T08:24:00.000+06,0.34,2019-09-05T15:02:00.000+06,0.24,304,28
2019-09-05T08:37:00.000+06,0.31,2019-09-05T15:08:00.000+06,0.23,307,28.1
2019-09-05T08:51:00.000+06,0.31,2019-09-05T15:21:00.000+06,0.28000000000000003,308,28.2
2019-09-05T08:14:00.000+06,0.56000000000000005,2019-09-05T15:06:00.000+06,0.25,,
2019-09-05T08:26:00.000+06,0.69,2019-09-05T15:14:00.000+06,0.33,,
2019-09-05T08:36:00.000+06,0.27,2019-09-05T15:27:00.000+06,0.1,,
2019-09-07T14:29:00.000+06,0.7,2019-09-08T07:22:00.000+06,0.43,306,27.7
2019-09-05T08:46:00.000+06,1.08,2019-09-05T15:43:00.000+06,0.75,,
2019-09-07T14:42:00.000+06,0.74,2019-09-08T07:24:00.000+06,0.3,308,27.6
2019-09-05T08:56:00.000+06,0.49,2019-09-05T15:52:00.000+06,0.24,,
2019-09-07T14:52:00.000+06,0.6,2019-09-08T08:11:00.000+06,0.27,310,27.6
2019-09-07T08:22:00.000+06,1.02,2019-09-07T15:00:00.000+06,0.65,,
2019-09-07T15:22:00.000+06,0.47,2019-09-08T08:21:00.000+06,0.18,,27.7
2019-09-07T15:04:00.000+06,1.56,2019-09-08T07:58:00.000+06,1.19,308,27.7
2019-09-07T08:35:00.000+06,1.1100000000000001,2019-09-07T15:12:00.000+06,0.7,,
2019-09-07T15:19:00.000+06,1.86,2019-09-08T07:46:00.000+06,0.8,308,27.6
2019-09-07T15:37:00.000+06,0.31,2019-09-08T08:38:00.000+06,0.1,,28
2019-09-05T09:09:00.000+06,0.51,2019-09-05T15:22:00.000+06,0.21,478,28.5
2019-09-07T08:45:00.000+06,1.04,2019-09-07T15:20:00.000+06,0.59,,
2019-09-07T15:52:00.000+06,0.94,2019-09-08T08:50:00.000+06,0.22,,27.7
2019-09-08T14:50:00.000+06,0.91,2019-09-09T07:19:00.000+06,0.27,307,27.2
2019-09-07T16:02:00.000+06,0.84,2019-09-08T08:58:00.000+06,0.18,,27.1
2019-09-08T15:03:00.000+06,0.74,2019-09-09T07:31:00.000+06,0.28000000000000003,310,27.1
2019-09-08T15:05:00.000+06,0.68,2019-09-09T08:34:00.000+06,0.4,,26.9
2019-09-07T09:13:00.000+06,1.01,2019-09-07T15:47:00.000+06,0.86,,
2019-09-08T15:15:00.000+06,0.69,2019-09-09T07:42:00.000+06,0.12,306,27.5
2019-09-05T09:18:00.000+06,0.6,2019-09-05T15:29:00.000+06,0.09,473,28
2019-09-08T08:35:00.000+06,0.49,2019-09-08T15:05:00.000+06,0.31,,
2019-09-08T15:31:00.000+06,0.71,2019-09-09T07:54:00.000+06,0.23,305,27.3
2019-09-08T15:19:00.000+06,0.65,2019-09-09T08:46:00.000+06,0.36,,27.1
2019-09-05T09:26:00.000+06,0.68,2019-09-05T15:36:00.000+06,0.31,292,28
2019-09-08T08:45:00.000+06,0.46,2019-09-08T15:14:00.000+06,0.25,,
2019-09-08T15:44:00.000+06,0.81,2019-09-09T08:00:00.000+06,0.31,305,27.3
2019-09-05T09:38:00.000+06,0.76,2019-09-05T15:45:00.000+06,0.47,294,28.2
2019-09-08T15:28:00.000+06,0.61,2019-09-09T08:53:00.000+06,0.4,,27.4
2019-09-08T08:58:00.000+06,0.46,2019-09-08T15:19:00.000+06,0.28999999999999998,,
2019-09-09T14:49:00.000+06,0.57999999999999996,2019-09-10T07:43:00.000+06,0.19,309,28.1
2019-09-05T09:52:00.000+06,0.7,2019-09-05T15:53:00.000+06,0.57999999999999996,291,27.8
2019-09-08T15:41:00.000+06,0.59,2019-09-09T09:00:00.000+06,0.14000000000000001,,27.3
2019-09-08T09:06:00.000+06,0.45,2019-09-08T15:27:00.000+06,0.27,,
2019-09-09T15:07:00.000+06,1.08,2019-09-10T07:34:00.000+06,0.24,310,27.7
2019-09-08T15:51:00.000+06,0.64,2019-09-09T09:09:00.000+06,0.19,,27.8
2019-09-07T08:30:00.000+06,0.78,2019-09-07T15:32:00.000+06,0.77,298,27.1
2019-09-08T09:14:00.000+06,0.43,2019-09-08T15:35:00.000+06,0.32,,
2019-09-09T15:17:00.000+06,1.1299999999999999,2019-09-10T07:21:00.000+06,0.54,313,27.5
2019-09-09T15:59:00.000+06,1.24,2019-09-10T08:34:00.000+06,0.79,,27.4
2019-09-07T08:42:00.000+06,0.72,2019-09-07T15:45:00.000+06,0.45,293,27
2019-09-09T08:33:00.000+06,0.11,2019-09-09T15:13:00.000+06,0.01,,
2019-09-09T15:33:00.000+06,0.42,2019-09-10T07:05:00.000+06,0.11,310,27.6
2019-09-09T16:13:00.000+06,1.08,2019-09-10T08:41:00.000+06,0.67,,27.2
2019-09-07T08:53:00.000+06,0.65,2019-09-07T15:53:00.000+06,0.7,290,27.3
2019-09-09T15:44:00.000+06,0.41,2019-09-10T06:53:00.000+06,0.01,312,27.7
2019-09-09T16:23:00.000+06,1.06,2019-09-10T08:53:00.000+06,0.61,,27.3
2019-09-10T14:57:00.000+06,0.69,2019-09-11T07:19:00.000+06,0.36,310,26.6
2019-09-07T09:08:00.000+06,0.59,2019-09-07T16:04:00.000+06,0.33,290,27.2
2019-09-09T08:57:00.000+06,0.06,2019-09-09T15:25:00.000+06,0.01,,
2019-09-09T16:33:00.000+06,1.04,2019-09-10T09:03:00.000+06,0.59,,27.3
2019-09-10T15:07:00.000+06,0.84,2019-09-11T07:28:00.000+06,0.5,310,26.9
2019-09-07T09:20:00.000+06,0.75,2019-09-07T16:17:00.000+06,0.32,289,27.2
2019-09-10T15:31:00.000+06,0.65,2019-09-11T08:27:00.000+06,0.09,,26.9
2019-09-09T09:05:00.000+06,0.17,2019-09-09T15:35:00.000+06,0.05,,
2019-09-10T15:17:00.000+06,0.66,2019-09-11T07:37:00.000+06,0.08,312,26.8
2019-09-08T09:35:00.000+06,0.75,2019-09-08T16:08:00.000+06,0.48,290,27
2019-09-10T15:40:00.000+06,0.6,2019-09-11T08:37:00.000+06,0.26,,26.9
2019-09-08T09:52:00.000+06,0.77,2019-09-08T16:19:00.000+06,0.47,291,26.8
2019-09-09T09:14:00.000+06,0.08,2019-09-09T15:44:00.000+06,0.02,,
2019-09-10T15:27:00.000+06,0.65,2019-09-11T07:51:00.000+06,0.28000000000000003,312,27.1
2019-09-08T10:02:00.000+06,0.75,2019-09-08T16:26:00.000+06,0.28999999999999998,297,26.9
2019-09-10T15:57:00.000+06,0.67,2019-09-11T08:47:00.000+06,0.39,,27
2019-09-08T10:15:00.000+06,0.73,2019-09-08T16:36:00.000+06,0.33,296,27.1
2019-09-10T08:42:00.000+06,0.71,2019-09-10T14:49:00.000+06,0.42,,
2019-09-10T16:06:00.000+06,0.65,2019-09-11T08:58:00.000+06,0.34,,26.9
2019-09-10T15:37:00.000+06,0.59,2019-09-11T08:02:00.000+06,0.03,310,27.3
2019-09-08T10:21:00.000+06,0.76,2019-09-08T16:44:00.000+06,0.42,297,27.9
2019-09-10T08:55:00.000+06,0.76,2019-09-10T15:01:00.000+06,0.55000000000000004,,
2019-09-10T16:17:00.000+06,0.63,2019-09-11T09:10:00.000+06,0.31,,27.2
2019-09-09T08:24:00.000+06,0.1,2019-09-09T15:45:00.000+06,0.06,481,27.7
2019-09-10T09:05:00.000+06,0.81,2019-09-10T15:14:00.000+06,0.49,,
2019-09-09T08:32:00.000+06,0.1,2019-09-09T15:54:00.000+06,0.04,472,27.5
2019-09-10T09:13:00.000+06,0.76,2019-09-10T15:25:00.000+06,0.45,,
2019-09-09T08:42:00.000+06,0.99,2019-09-09T15:59:00.000+06,0.98,295,27.6
2019-09-10T09:23:00.000+06,0.82,2019-09-10T15:36:00.000+06,0.5,,
2019-09-09T08:49:00.000+06,1,2019-09-09T16:05:00.000+06,1.02,295,27.5
2019-09-09T09:00:00.000+06,1.1499999999999999,2019-09-09T16:14:00.000+06,1.05,295,27.7
2019-09-11T08:40:00.000+06,0.43,2019-09-11T13:31:00.000+06,0.16,,
2019-09-11T08:53:00.000+06,0.53,2019-09-11T13:40:00.000+06,0.19,,
2019-09-10T08:58:00.000+06,0.41,2019-09-10T16:03:00.000+06,0.22,288,26.9
2019-09-11T09:06:00.000+06,0.54,2019-09-11T13:55:00.000+06,0.22,,
2019-09-10T09:24:00.000+06,0.42,2019-09-10T16:16:00.000+06,0.12,231,16.5
2019-09-11T09:15:00.000+06,0.47,2019-09-11T14:12:00.000+06,0.16,,
2019-09-11T09:24:00.000+06,0.49,2019-09-11T14:28:00.000+06,0.25,,
2019-09-10T09:59:00.000+06,0.44,2019-09-10T16:28:00.000+06,0.21,229,27
2019-09-10T10:04:00.000+06,0.46,2019-09-10T16:32:00.000+06,0.11,228,27.2
2019-09-11T08:36:00.000+06,0.26,2019-09-11T14:27:00.000+06,0.14000000000000001,473,27.2
2019-09-11T08:46:00.000+06,0.26,2019-09-11T14:37:00.000+06,0.14000000000000001,473,27.2
2019-09-11T08:55:00.000+06,0.25,2019-09-11T14:49:00.000+06,0.12,471,27.1
2019-09-11T09:06:00.000+06,0.23,2019-09-11T15:02:00.000+06,0.09,469,26.8
2019-09-11T09:21:00.000+06,0.28000000000000003,2019-09-11T15:10:00.000+06,0.11,467,26.8
